<?xml version="1.0" encoding="UTF-8"?>
<spirit:component xmlns:xilinx="http://www.xilinx.com" xmlns:spirit="http://www.spiritconsortium.org/XMLSchema/SPIRIT/1685-2009" xmlns:xsi="http://www.w3.org/2001/XMLSchema-instance">
  <spirit:vendor>xilinx.com</spirit:vendor>
  <spirit:library>user</spirit:library>
  <spirit:name>gpu_control</spirit:name>
  <spirit:version>1.0</spirit:version>
  <spirit:busInterfaces>
    <spirit:busInterface>
      <spirit:name>S00_AXI</spirit:name>
      <spirit:busType spirit:vendor="xilinx.com" spirit:library="interface" spirit:name="aximm" spirit:version="1.0"/>
      <spirit:abstractionType spirit:vendor="xilinx.com" spirit:library="interface" spirit:name="aximm_rtl" spirit:version="1.0"/>
      <spirit:slave>
        <spirit:memoryMapRef spirit:memoryMapRef="S00_AXI"/>
      </spirit:slave>
      <spirit:portMaps>
        <spirit:portMap>
          <spirit:logicalPort>
            <spirit:name>AWADDR</spirit:name>
          </spirit:logicalPort>
          <spirit:physicalPort>
            <spirit:name>s00_axi_awaddr</spirit:name>
          </spirit:physicalPort>
        </spirit:portMap>
        <spirit:portMap>
          <spirit:logicalPort>
            <spirit:name>AWPROT</spirit:name>
          </spirit:logicalPort>
          <spirit:physicalPort>
            <spirit:name>s00_axi_awprot</spirit:name>
          </spirit:physicalPort>
        </spirit:portMap>
        <spirit:portMap>
          <spirit:logicalPort>
            <spirit:name>AWVALID</spirit:name>
          </spirit:logicalPort>
          <spirit:physicalPort>
            <spirit:name>s00_axi_awvalid</spirit:name>
          </spirit:physicalPort>
        </spirit:portMap>
        <spirit:portMap>
          <spirit:logicalPort>
            <spirit:name>AWREADY</spirit:name>
          </spirit:logicalPort>
          <spirit:physicalPort>
            <spirit:name>s00_axi_awready</spirit:name>
          </spirit:physicalPort>
        </spirit:portMap>
        <spirit:portMap>
          <spirit:logicalPort>
            <spirit:name>WDATA</spirit:name>
          </spirit:logicalPort>
          <spirit:physicalPort>
            <spirit:name>s00_axi_wdata</spirit:name>
          </spirit:physicalPort>
        </spirit:portMap>
        <spirit:portMap>
          <spirit:logicalPort>
            <spirit:name>WSTRB</spirit:name>
          </spirit:logicalPort>
          <spirit:physicalPort>
            <spirit:name>s00_axi_wstrb</spirit:name>
          </spirit:physicalPort>
        </spirit:portMap>
        <spirit:portMap>
          <spirit:logicalPort>
            <spirit:name>WVALID</spirit:name>
          </spirit:logicalPort>
          <spirit:physicalPort>
            <spirit:name>s00_axi_wvalid</spirit:name>
          </spirit:physicalPort>
        </spirit:portMap>
        <spirit:portMap>
          <spirit:logicalPort>
            <spirit:name>WREADY</spirit:name>
          </spirit:logicalPort>
          <spirit:physicalPort>
            <spirit:name>s00_axi_wready</spirit:name>
          </spirit:physicalPort>
        </spirit:portMap>
        <spirit:portMap>
          <spirit:logicalPort>
            <spirit:name>BRESP</spirit:name>
          </spirit:logicalPort>
          <spirit:physicalPort>
            <spirit:name>s00_axi_bresp</spirit:name>
          </spirit:physicalPort>
        </spirit:portMap>
        <spirit:portMap>
          <spirit:logicalPort>
            <spirit:name>BVALID</spirit:name>
          </spirit:logicalPort>
          <spirit:physicalPort>
            <spirit:name>s00_axi_bvalid</spirit:name>
          </spirit:physicalPort>
        </spirit:portMap>
        <spirit:portMap>
          <spirit:logicalPort>
            <spirit:name>BREADY</spirit:name>
          </spirit:logicalPort>
          <spirit:physicalPort>
            <spirit:name>s00_axi_bready</spirit:name>
          </spirit:physicalPort>
        </spirit:portMap>
        <spirit:portMap>
          <spirit:logicalPort>
            <spirit:name>ARADDR</spirit:name>
          </spirit:logicalPort>
          <spirit:physicalPort>
            <spirit:name>s00_axi_araddr</spirit:name>
          </spirit:physicalPort>
        </spirit:portMap>
        <spirit:portMap>
          <spirit:logicalPort>
            <spirit:name>ARPROT</spirit:name>
          </spirit:logicalPort>
          <spirit:physicalPort>
            <spirit:name>s00_axi_arprot</spirit:name>
          </spirit:physicalPort>
        </spirit:portMap>
        <spirit:portMap>
          <spirit:logicalPort>
            <spirit:name>ARVALID</spirit:name>
          </spirit:logicalPort>
          <spirit:physicalPort>
            <spirit:name>s00_axi_arvalid</spirit:name>
          </spirit:physicalPort>
        </spirit:portMap>
        <spirit:portMap>
          <spirit:logicalPort>
            <spirit:name>ARREADY</spirit:name>
          </spirit:logicalPort>
          <spirit:physicalPort>
            <spirit:name>s00_axi_arready</spirit:name>
          </spirit:physicalPort>
        </spirit:portMap>
        <spirit:portMap>
          <spirit:logicalPort>
            <spirit:name>RDATA</spirit:name>
          </spirit:logicalPort>
          <spirit:physicalPort>
            <spirit:name>s00_axi_rdata</spirit:name>
          </spirit:physicalPort>
        </spirit:portMap>
        <spirit:portMap>
          <spirit:logicalPort>
            <spirit:name>RRESP</spirit:name>
          </spirit:logicalPort>
          <spirit:physicalPort>
            <spirit:name>s00_axi_rresp</spirit:name>
          </spirit:physicalPort>
        </spirit:portMap>
        <spirit:portMap>
          <spirit:logicalPort>
            <spirit:name>RVALID</spirit:name>
          </spirit:logicalPort>
          <spirit:physicalPort>
            <spirit:name>s00_axi_rvalid</spirit:name>
          </spirit:physicalPort>
        </spirit:portMap>
        <spirit:portMap>
          <spirit:logicalPort>
            <spirit:name>RREADY</spirit:name>
          </spirit:logicalPort>
          <spirit:physicalPort>
            <spirit:name>s00_axi_rready</spirit:name>
          </spirit:physicalPort>
        </spirit:portMap>
      </spirit:portMaps>
      <spirit:parameters>
        <spirit:parameter>
          <spirit:name>WIZ_DATA_WIDTH</spirit:name>
          <spirit:value spirit:format="long" spirit:id="BUSIFPARAM_VALUE.S00_AXI.WIZ_DATA_WIDTH" spirit:choiceRef="choice_list_6fc15197">32</spirit:value>
        </spirit:parameter>
        <spirit:parameter>
          <spirit:name>WIZ_NUM_REG</spirit:name>
          <spirit:value spirit:format="long" spirit:id="BUSIFPARAM_VALUE.S00_AXI.WIZ_NUM_REG" spirit:minimum="4" spirit:maximum="512" spirit:rangeType="long">20</spirit:value>
        </spirit:parameter>
        <spirit:parameter>
          <spirit:name>SUPPORTS_NARROW_BURST</spirit:name>
          <spirit:value spirit:format="long" spirit:id="BUSIFPARAM_VALUE.S00_AXI.SUPPORTS_NARROW_BURST" spirit:choiceRef="choice_pairs_ce1226b1">0</spirit:value>
        </spirit:parameter>
      </spirit:parameters>
    </spirit:busInterface>
    <spirit:busInterface>
      <spirit:name>S00_AXI_RST</spirit:name>
      <spirit:busType spirit:vendor="xilinx.com" spirit:library="signal" spirit:name="reset" spirit:version="1.0"/>
      <spirit:abstractionType spirit:vendor="xilinx.com" spirit:library="signal" spirit:name="reset_rtl" spirit:version="1.0"/>
      <spirit:slave/>
      <spirit:portMaps>
        <spirit:portMap>
          <spirit:logicalPort>
            <spirit:name>RST</spirit:name>
          </spirit:logicalPort>
          <spirit:physicalPort>
            <spirit:name>s00_axi_aresetn</spirit:name>
          </spirit:physicalPort>
        </spirit:portMap>
      </spirit:portMaps>
      <spirit:parameters>
        <spirit:parameter>
          <spirit:name>POLARITY</spirit:name>
          <spirit:value spirit:id="BUSIFPARAM_VALUE.S00_AXI_RST.POLARITY" spirit:choiceRef="choice_list_9d8b0d81">ACTIVE_LOW</spirit:value>
        </spirit:parameter>
      </spirit:parameters>
    </spirit:busInterface>
    <spirit:busInterface>
      <spirit:name>S00_AXI_CLK</spirit:name>
      <spirit:busType spirit:vendor="xilinx.com" spirit:library="signal" spirit:name="clock" spirit:version="1.0"/>
      <spirit:abstractionType spirit:vendor="xilinx.com" spirit:library="signal" spirit:name="clock_rtl" spirit:version="1.0"/>
      <spirit:slave/>
      <spirit:portMaps>
        <spirit:portMap>
          <spirit:logicalPort>
            <spirit:name>CLK</spirit:name>
          </spirit:logicalPort>
          <spirit:physicalPort>
            <spirit:name>s00_axi_aclk</spirit:name>
          </spirit:physicalPort>
        </spirit:portMap>
      </spirit:portMaps>
      <spirit:parameters>
        <spirit:parameter>
          <spirit:name>ASSOCIATED_BUSIF</spirit:name>
          <spirit:value spirit:id="BUSIFPARAM_VALUE.S00_AXI_CLK.ASSOCIATED_BUSIF">S00_AXI</spirit:value>
        </spirit:parameter>
        <spirit:parameter>
          <spirit:name>ASSOCIATED_RESET</spirit:name>
          <spirit:value spirit:id="BUSIFPARAM_VALUE.S00_AXI_CLK.ASSOCIATED_RESET">s00_axi_aresetn</spirit:value>
        </spirit:parameter>
      </spirit:parameters>
    </spirit:busInterface>
  </spirit:busInterfaces>
  <spirit:memoryMaps>
    <spirit:memoryMap>
      <spirit:name>S00_AXI</spirit:name>
      <spirit:addressBlock>
        <spirit:name>S00_AXI_reg</spirit:name>
        <spirit:baseAddress spirit:format="long" spirit:resolve="user">0</spirit:baseAddress>
        <spirit:range spirit:format="long">4096</spirit:range>
        <spirit:width spirit:format="long">32</spirit:width>
        <spirit:usage>register</spirit:usage>
        <spirit:parameters>
          <spirit:parameter>
            <spirit:name>OFFSET_BASE_PARAM</spirit:name>
            <spirit:value spirit:id="ADDRBLOCKPARAM_VALUE.S00_AXI.S00_AXI_REG.OFFSET_BASE_PARAM">C_S00_AXI_BASEADDR</spirit:value>
          </spirit:parameter>
          <spirit:parameter>
            <spirit:name>OFFSET_HIGH_PARAM</spirit:name>
            <spirit:value spirit:id="ADDRBLOCKPARAM_VALUE.S00_AXI.S00_AXI_REG.OFFSET_HIGH_PARAM">C_S00_AXI_HIGHADDR</spirit:value>
          </spirit:parameter>
        </spirit:parameters>
      </spirit:addressBlock>
    </spirit:memoryMap>
  </spirit:memoryMaps>
  <spirit:model>
    <spirit:views>
      <spirit:view>
        <spirit:name>xilinx_verilogsynthesis</spirit:name>
        <spirit:displayName>Verilog Synthesis</spirit:displayName>
        <spirit:envIdentifier>verilogSource:vivado.xilinx.com:synthesis</spirit:envIdentifier>
        <spirit:language>verilog</spirit:language>
        <spirit:modelName>gpu_control_v1_0</spirit:modelName>
        <spirit:fileSetRef>
          <spirit:localName>xilinx_verilogsynthesis_view_fileset</spirit:localName>
        </spirit:fileSetRef>
        <spirit:parameters>
          <spirit:parameter>
            <spirit:name>viewChecksum</spirit:name>
            <spirit:value>37f62e6b</spirit:value>
          </spirit:parameter>
        </spirit:parameters>
      </spirit:view>
      <spirit:view>
        <spirit:name>xilinx_verilogbehavioralsimulation</spirit:name>
        <spirit:displayName>Verilog Simulation</spirit:displayName>
        <spirit:envIdentifier>verilogSource:vivado.xilinx.com:simulation</spirit:envIdentifier>
        <spirit:language>verilog</spirit:language>
        <spirit:modelName>gpu_control_v1_0</spirit:modelName>
        <spirit:fileSetRef>
          <spirit:localName>xilinx_verilogbehavioralsimulation_view_fileset</spirit:localName>
        </spirit:fileSetRef>
        <spirit:parameters>
          <spirit:parameter>
            <spirit:name>viewChecksum</spirit:name>
            <spirit:value>37f62e6b</spirit:value>
          </spirit:parameter>
        </spirit:parameters>
      </spirit:view>
      <spirit:view>
        <spirit:name>xilinx_softwaredriver</spirit:name>
        <spirit:displayName>Software Driver</spirit:displayName>
        <spirit:envIdentifier>:vivado.xilinx.com:sw.driver</spirit:envIdentifier>
        <spirit:fileSetRef>
          <spirit:localName>xilinx_softwaredriver_view_fileset</spirit:localName>
        </spirit:fileSetRef>
        <spirit:parameters>
          <spirit:parameter>
            <spirit:name>viewChecksum</spirit:name>
            <spirit:value>6e3e5a9e</spirit:value>
          </spirit:parameter>
        </spirit:parameters>
      </spirit:view>
      <spirit:view>
        <spirit:name>xilinx_xpgui</spirit:name>
        <spirit:displayName>UI Layout</spirit:displayName>
        <spirit:envIdentifier>:vivado.xilinx.com:xgui.ui</spirit:envIdentifier>
        <spirit:fileSetRef>
          <spirit:localName>xilinx_xpgui_view_fileset</spirit:localName>
        </spirit:fileSetRef>
        <spirit:parameters>
          <spirit:parameter>
            <spirit:name>viewChecksum</spirit:name>
            <spirit:value>12965427</spirit:value>
          </spirit:parameter>
        </spirit:parameters>
      </spirit:view>
      <spirit:view>
        <spirit:name>bd_tcl</spirit:name>
        <spirit:displayName>Block Diagram</spirit:displayName>
        <spirit:envIdentifier>:vivado.xilinx.com:block.diagram</spirit:envIdentifier>
        <spirit:fileSetRef>
          <spirit:localName>bd_tcl_view_fileset</spirit:localName>
        </spirit:fileSetRef>
        <spirit:parameters>
          <spirit:parameter>
            <spirit:name>viewChecksum</spirit:name>
            <spirit:value>16328387</spirit:value>
          </spirit:parameter>
        </spirit:parameters>
      </spirit:view>
    </spirit:views>
    <spirit:ports>
      <spirit:port>
        <spirit:name>status</spirit:name>
        <spirit:wire>
          <spirit:direction>in</spirit:direction>
          <spirit:wireTypeDefs>
            <spirit:wireTypeDef>
              <spirit:typeName>wire</spirit:typeName>
              <spirit:viewNameRef>xilinx_verilogsynthesis</spirit:viewNameRef>
              <spirit:viewNameRef>xilinx_verilogbehavioralsimulation</spirit:viewNameRef>
            </spirit:wireTypeDef>
          </spirit:wireTypeDefs>
        </spirit:wire>
      </spirit:port>
      <spirit:port>
        <spirit:name>start</spirit:name>
        <spirit:wire>
          <spirit:direction>out</spirit:direction>
          <spirit:wireTypeDefs>
            <spirit:wireTypeDef>
              <spirit:typeName>reg</spirit:typeName>
              <spirit:viewNameRef>xilinx_verilogsynthesis</spirit:viewNameRef>
              <spirit:viewNameRef>xilinx_verilogbehavioralsimulation</spirit:viewNameRef>
            </spirit:wireTypeDef>
          </spirit:wireTypeDefs>
        </spirit:wire>
      </spirit:port>
      <spirit:port>
        <spirit:name>vertex_count</spirit:name>
        <spirit:wire>
          <spirit:direction>out</spirit:direction>
          <spirit:vector>
            <spirit:left spirit:format="long" spirit:resolve="dependent" spirit:dependency="(spirit:decode(id(&apos;MODELPARAM_VALUE.C_S00_AXI_DATA_WIDTH&apos;)) - 1)">31</spirit:left>
            <spirit:right spirit:format="long">0</spirit:right>
          </spirit:vector>
          <spirit:wireTypeDefs>
            <spirit:wireTypeDef>
              <spirit:typeName>reg</spirit:typeName>
              <spirit:viewNameRef>xilinx_verilogsynthesis</spirit:viewNameRef>
              <spirit:viewNameRef>xilinx_verilogbehavioralsimulation</spirit:viewNameRef>
            </spirit:wireTypeDef>
          </spirit:wireTypeDefs>
        </spirit:wire>
      </spirit:port>
      <spirit:port>
        <spirit:name>address</spirit:name>
        <spirit:wire>
          <spirit:direction>out</spirit:direction>
          <spirit:vector>
            <spirit:left spirit:format="long" spirit:resolve="dependent" spirit:dependency="(spirit:decode(id(&apos;MODELPARAM_VALUE.C_S00_AXI_DATA_WIDTH&apos;)) - 1)">31</spirit:left>
            <spirit:right spirit:format="long">0</spirit:right>
          </spirit:vector>
          <spirit:wireTypeDefs>
            <spirit:wireTypeDef>
              <spirit:typeName>reg</spirit:typeName>
              <spirit:viewNameRef>xilinx_verilogsynthesis</spirit:viewNameRef>
              <spirit:viewNameRef>xilinx_verilogbehavioralsimulation</spirit:viewNameRef>
            </spirit:wireTypeDef>
          </spirit:wireTypeDefs>
        </spirit:wire>
      </spirit:port>
      <spirit:port>
        <spirit:name>transform_matrix</spirit:name>
        <spirit:wire>
          <spirit:direction>out</spirit:direction>
          <spirit:vector>
            <spirit:left spirit:format="long" spirit:resolve="dependent" spirit:dependency="( (spirit:decode(id(&apos;MODELPARAM_VALUE.M&apos;)) + spirit:decode(id(&apos;MODELPARAM_VALUE.N&apos;))) * 16 - 1 )">287</spirit:left>
            <spirit:right spirit:format="long">0</spirit:right>
          </spirit:vector>
          <spirit:wireTypeDefs>
            <spirit:wireTypeDef>
              <spirit:typeName>reg signed</spirit:typeName>
              <spirit:viewNameRef>xilinx_verilogsynthesis</spirit:viewNameRef>
              <spirit:viewNameRef>xilinx_verilogbehavioralsimulation</spirit:viewNameRef>
            </spirit:wireTypeDef>
          </spirit:wireTypeDefs>
        </spirit:wire>
        <spirit:vendorExtensions>
          <xilinx:portInfo>
            <xilinx:packedDimensionsVector>
              <xilinx:dimension>
                <xilinx:left>((M + N) - 1)</xilinx:left>
                <xilinx:right>0</xilinx:right>
              </xilinx:dimension>
            </xilinx:packedDimensionsVector>
            <xilinx:unpackedDimensionsVector>
              <xilinx:dimension>
                <xilinx:left>0</xilinx:left>
                <xilinx:right>15</xilinx:right>
              </xilinx:dimension>
            </xilinx:unpackedDimensionsVector>
          </xilinx:portInfo>
        </spirit:vendorExtensions>
      </spirit:port>
      <spirit:port>
        <spirit:name>mem_wr_addr</spirit:name>
        <spirit:wire>
          <spirit:direction>out</spirit:direction>
          <spirit:vector>
            <spirit:left spirit:format="long" spirit:resolve="dependent" spirit:dependency="(spirit:ceil(spirit:log(2,spirit:decode(id(&apos;MODELPARAM_VALUE.MEM_DEPTH&apos;)))) - 1)">13</spirit:left>
            <spirit:right spirit:format="long">0</spirit:right>
          </spirit:vector>
          <spirit:wireTypeDefs>
            <spirit:wireTypeDef>
              <spirit:typeName>wire</spirit:typeName>
              <spirit:viewNameRef>xilinx_verilogsynthesis</spirit:viewNameRef>
              <spirit:viewNameRef>xilinx_verilogbehavioralsimulation</spirit:viewNameRef>
            </spirit:wireTypeDef>
          </spirit:wireTypeDefs>
        </spirit:wire>
      </spirit:port>
      <spirit:port>
        <spirit:name>mem_wr_data</spirit:name>
        <spirit:wire>
          <spirit:direction>out</spirit:direction>
          <spirit:vector>
            <spirit:left spirit:format="long" spirit:resolve="dependent" spirit:dependency="((spirit:decode(id(&apos;MODELPARAM_VALUE.M&apos;)) + spirit:decode(id(&apos;MODELPARAM_VALUE.N&apos;))) - 1)">17</spirit:left>
            <spirit:right spirit:format="long">0</spirit:right>
          </spirit:vector>
          <spirit:wireTypeDefs>
            <spirit:wireTypeDef>
              <spirit:typeName>wire</spirit:typeName>
              <spirit:viewNameRef>xilinx_verilogsynthesis</spirit:viewNameRef>
              <spirit:viewNameRef>xilinx_verilogbehavioralsimulation</spirit:viewNameRef>
            </spirit:wireTypeDef>
          </spirit:wireTypeDefs>
        </spirit:wire>
      </spirit:port>
      <spirit:port>
        <spirit:name>mem_wr_en</spirit:name>
        <spirit:wire>
          <spirit:direction>out</spirit:direction>
          <spirit:wireTypeDefs>
            <spirit:wireTypeDef>
              <spirit:typeName>wire</spirit:typeName>
              <spirit:viewNameRef>xilinx_verilogsynthesis</spirit:viewNameRef>
              <spirit:viewNameRef>xilinx_verilogbehavioralsimulation</spirit:viewNameRef>
            </spirit:wireTypeDef>
          </spirit:wireTypeDefs>
        </spirit:wire>
      </spirit:port>
      <spirit:port>
        <spirit:name>s00_axi_awaddr</spirit:name>
        <spirit:wire>
          <spirit:direction>in</spirit:direction>
          <spirit:vector>
            <spirit:left spirit:format="long" spirit:resolve="dependent" spirit:dependency="(spirit:decode(id(&apos;MODELPARAM_VALUE.C_S00_AXI_ADDR_WIDTH&apos;)) - 1)">15</spirit:left>
            <spirit:right spirit:format="long">0</spirit:right>
          </spirit:vector>
          <spirit:wireTypeDefs>
            <spirit:wireTypeDef>
              <spirit:typeName>wire</spirit:typeName>
              <spirit:viewNameRef>xilinx_verilogsynthesis</spirit:viewNameRef>
              <spirit:viewNameRef>xilinx_verilogbehavioralsimulation</spirit:viewNameRef>
            </spirit:wireTypeDef>
          </spirit:wireTypeDefs>
        </spirit:wire>
      </spirit:port>
      <spirit:port>
        <spirit:name>s00_axi_awprot</spirit:name>
        <spirit:wire>
          <spirit:direction>in</spirit:direction>
          <spirit:vector>
            <spirit:left spirit:format="long">2</spirit:left>
            <spirit:right spirit:format="long">0</spirit:right>
          </spirit:vector>
          <spirit:wireTypeDefs>
            <spirit:wireTypeDef>
              <spirit:typeName>wire</spirit:typeName>
              <spirit:viewNameRef>xilinx_verilogsynthesis</spirit:viewNameRef>
              <spirit:viewNameRef>xilinx_verilogbehavioralsimulation</spirit:viewNameRef>
            </spirit:wireTypeDef>
          </spirit:wireTypeDefs>
        </spirit:wire>
      </spirit:port>
      <spirit:port>
        <spirit:name>s00_axi_awvalid</spirit:name>
        <spirit:wire>
          <spirit:direction>in</spirit:direction>
          <spirit:wireTypeDefs>
            <spirit:wireTypeDef>
              <spirit:typeName>wire</spirit:typeName>
              <spirit:viewNameRef>xilinx_verilogsynthesis</spirit:viewNameRef>
              <spirit:viewNameRef>xilinx_verilogbehavioralsimulation</spirit:viewNameRef>
            </spirit:wireTypeDef>
          </spirit:wireTypeDefs>
        </spirit:wire>
      </spirit:port>
      <spirit:port>
        <spirit:name>s00_axi_awready</spirit:name>
        <spirit:wire>
          <spirit:direction>out</spirit:direction>
          <spirit:wireTypeDefs>
            <spirit:wireTypeDef>
              <spirit:typeName>wire</spirit:typeName>
              <spirit:viewNameRef>xilinx_verilogsynthesis</spirit:viewNameRef>
              <spirit:viewNameRef>xilinx_verilogbehavioralsimulation</spirit:viewNameRef>
            </spirit:wireTypeDef>
          </spirit:wireTypeDefs>
        </spirit:wire>
      </spirit:port>
      <spirit:port>
        <spirit:name>s00_axi_wdata</spirit:name>
        <spirit:wire>
          <spirit:direction>in</spirit:direction>
          <spirit:vector>
            <spirit:left spirit:format="long" spirit:resolve="dependent" spirit:dependency="(spirit:decode(id(&apos;MODELPARAM_VALUE.C_S00_AXI_DATA_WIDTH&apos;)) - 1)">31</spirit:left>
            <spirit:right spirit:format="long">0</spirit:right>
          </spirit:vector>
          <spirit:wireTypeDefs>
            <spirit:wireTypeDef>
              <spirit:typeName>wire</spirit:typeName>
              <spirit:viewNameRef>xilinx_verilogsynthesis</spirit:viewNameRef>
              <spirit:viewNameRef>xilinx_verilogbehavioralsimulation</spirit:viewNameRef>
            </spirit:wireTypeDef>
          </spirit:wireTypeDefs>
        </spirit:wire>
      </spirit:port>
      <spirit:port>
        <spirit:name>s00_axi_wstrb</spirit:name>
        <spirit:wire>
          <spirit:direction>in</spirit:direction>
          <spirit:vector>
            <spirit:left spirit:format="long" spirit:resolve="dependent" spirit:dependency="((spirit:decode(id(&apos;MODELPARAM_VALUE.C_S00_AXI_DATA_WIDTH&apos;)) / 8) - 1)">3</spirit:left>
            <spirit:right spirit:format="long">0</spirit:right>
          </spirit:vector>
          <spirit:wireTypeDefs>
            <spirit:wireTypeDef>
              <spirit:typeName>wire</spirit:typeName>
              <spirit:viewNameRef>xilinx_verilogsynthesis</spirit:viewNameRef>
              <spirit:viewNameRef>xilinx_verilogbehavioralsimulation</spirit:viewNameRef>
            </spirit:wireTypeDef>
          </spirit:wireTypeDefs>
        </spirit:wire>
      </spirit:port>
      <spirit:port>
        <spirit:name>s00_axi_wvalid</spirit:name>
        <spirit:wire>
          <spirit:direction>in</spirit:direction>
          <spirit:wireTypeDefs>
            <spirit:wireTypeDef>
              <spirit:typeName>wire</spirit:typeName>
              <spirit:viewNameRef>xilinx_verilogsynthesis</spirit:viewNameRef>
              <spirit:viewNameRef>xilinx_verilogbehavioralsimulation</spirit:viewNameRef>
            </spirit:wireTypeDef>
          </spirit:wireTypeDefs>
        </spirit:wire>
      </spirit:port>
      <spirit:port>
        <spirit:name>s00_axi_wready</spirit:name>
        <spirit:wire>
          <spirit:direction>out</spirit:direction>
          <spirit:wireTypeDefs>
            <spirit:wireTypeDef>
              <spirit:typeName>wire</spirit:typeName>
              <spirit:viewNameRef>xilinx_verilogsynthesis</spirit:viewNameRef>
              <spirit:viewNameRef>xilinx_verilogbehavioralsimulation</spirit:viewNameRef>
            </spirit:wireTypeDef>
          </spirit:wireTypeDefs>
        </spirit:wire>
      </spirit:port>
      <spirit:port>
        <spirit:name>s00_axi_bresp</spirit:name>
        <spirit:wire>
          <spirit:direction>out</spirit:direction>
          <spirit:vector>
            <spirit:left spirit:format="long">1</spirit:left>
            <spirit:right spirit:format="long">0</spirit:right>
          </spirit:vector>
          <spirit:wireTypeDefs>
            <spirit:wireTypeDef>
              <spirit:typeName>wire</spirit:typeName>
              <spirit:viewNameRef>xilinx_verilogsynthesis</spirit:viewNameRef>
              <spirit:viewNameRef>xilinx_verilogbehavioralsimulation</spirit:viewNameRef>
            </spirit:wireTypeDef>
          </spirit:wireTypeDefs>
        </spirit:wire>
      </spirit:port>
      <spirit:port>
        <spirit:name>s00_axi_bvalid</spirit:name>
        <spirit:wire>
          <spirit:direction>out</spirit:direction>
          <spirit:wireTypeDefs>
            <spirit:wireTypeDef>
              <spirit:typeName>wire</spirit:typeName>
              <spirit:viewNameRef>xilinx_verilogsynthesis</spirit:viewNameRef>
              <spirit:viewNameRef>xilinx_verilogbehavioralsimulation</spirit:viewNameRef>
            </spirit:wireTypeDef>
          </spirit:wireTypeDefs>
        </spirit:wire>
      </spirit:port>
      <spirit:port>
        <spirit:name>s00_axi_bready</spirit:name>
        <spirit:wire>
          <spirit:direction>in</spirit:direction>
          <spirit:wireTypeDefs>
            <spirit:wireTypeDef>
              <spirit:typeName>wire</spirit:typeName>
              <spirit:viewNameRef>xilinx_verilogsynthesis</spirit:viewNameRef>
              <spirit:viewNameRef>xilinx_verilogbehavioralsimulation</spirit:viewNameRef>
            </spirit:wireTypeDef>
          </spirit:wireTypeDefs>
        </spirit:wire>
      </spirit:port>
      <spirit:port>
        <spirit:name>s00_axi_araddr</spirit:name>
        <spirit:wire>
          <spirit:direction>in</spirit:direction>
          <spirit:vector>
            <spirit:left spirit:format="long" spirit:resolve="dependent" spirit:dependency="(spirit:decode(id(&apos;MODELPARAM_VALUE.C_S00_AXI_ADDR_WIDTH&apos;)) - 1)">15</spirit:left>
            <spirit:right spirit:format="long">0</spirit:right>
          </spirit:vector>
          <spirit:wireTypeDefs>
            <spirit:wireTypeDef>
              <spirit:typeName>wire</spirit:typeName>
              <spirit:viewNameRef>xilinx_verilogsynthesis</spirit:viewNameRef>
              <spirit:viewNameRef>xilinx_verilogbehavioralsimulation</spirit:viewNameRef>
            </spirit:wireTypeDef>
          </spirit:wireTypeDefs>
        </spirit:wire>
      </spirit:port>
      <spirit:port>
        <spirit:name>s00_axi_arprot</spirit:name>
        <spirit:wire>
          <spirit:direction>in</spirit:direction>
          <spirit:vector>
            <spirit:left spirit:format="long">2</spirit:left>
            <spirit:right spirit:format="long">0</spirit:right>
          </spirit:vector>
          <spirit:wireTypeDefs>
            <spirit:wireTypeDef>
              <spirit:typeName>wire</spirit:typeName>
              <spirit:viewNameRef>xilinx_verilogsynthesis</spirit:viewNameRef>
              <spirit:viewNameRef>xilinx_verilogbehavioralsimulation</spirit:viewNameRef>
            </spirit:wireTypeDef>
          </spirit:wireTypeDefs>
        </spirit:wire>
      </spirit:port>
      <spirit:port>
        <spirit:name>s00_axi_arvalid</spirit:name>
        <spirit:wire>
          <spirit:direction>in</spirit:direction>
          <spirit:wireTypeDefs>
            <spirit:wireTypeDef>
              <spirit:typeName>wire</spirit:typeName>
              <spirit:viewNameRef>xilinx_verilogsynthesis</spirit:viewNameRef>
              <spirit:viewNameRef>xilinx_verilogbehavioralsimulation</spirit:viewNameRef>
            </spirit:wireTypeDef>
          </spirit:wireTypeDefs>
        </spirit:wire>
      </spirit:port>
      <spirit:port>
        <spirit:name>s00_axi_arready</spirit:name>
        <spirit:wire>
          <spirit:direction>out</spirit:direction>
          <spirit:wireTypeDefs>
            <spirit:wireTypeDef>
              <spirit:typeName>wire</spirit:typeName>
              <spirit:viewNameRef>xilinx_verilogsynthesis</spirit:viewNameRef>
              <spirit:viewNameRef>xilinx_verilogbehavioralsimulation</spirit:viewNameRef>
            </spirit:wireTypeDef>
          </spirit:wireTypeDefs>
        </spirit:wire>
      </spirit:port>
      <spirit:port>
        <spirit:name>s00_axi_rdata</spirit:name>
        <spirit:wire>
          <spirit:direction>out</spirit:direction>
          <spirit:vector>
            <spirit:left spirit:format="long" spirit:resolve="dependent" spirit:dependency="(spirit:decode(id(&apos;MODELPARAM_VALUE.C_S00_AXI_DATA_WIDTH&apos;)) - 1)">31</spirit:left>
            <spirit:right spirit:format="long">0</spirit:right>
          </spirit:vector>
          <spirit:wireTypeDefs>
            <spirit:wireTypeDef>
              <spirit:typeName>wire</spirit:typeName>
              <spirit:viewNameRef>xilinx_verilogsynthesis</spirit:viewNameRef>
              <spirit:viewNameRef>xilinx_verilogbehavioralsimulation</spirit:viewNameRef>
            </spirit:wireTypeDef>
          </spirit:wireTypeDefs>
        </spirit:wire>
      </spirit:port>
      <spirit:port>
        <spirit:name>s00_axi_rresp</spirit:name>
        <spirit:wire>
          <spirit:direction>out</spirit:direction>
          <spirit:vector>
            <spirit:left spirit:format="long">1</spirit:left>
            <spirit:right spirit:format="long">0</spirit:right>
          </spirit:vector>
          <spirit:wireTypeDefs>
            <spirit:wireTypeDef>
              <spirit:typeName>wire</spirit:typeName>
              <spirit:viewNameRef>xilinx_verilogsynthesis</spirit:viewNameRef>
              <spirit:viewNameRef>xilinx_verilogbehavioralsimulation</spirit:viewNameRef>
            </spirit:wireTypeDef>
          </spirit:wireTypeDefs>
        </spirit:wire>
      </spirit:port>
      <spirit:port>
        <spirit:name>s00_axi_rvalid</spirit:name>
        <spirit:wire>
          <spirit:direction>out</spirit:direction>
          <spirit:wireTypeDefs>
            <spirit:wireTypeDef>
              <spirit:typeName>wire</spirit:typeName>
              <spirit:viewNameRef>xilinx_verilogsynthesis</spirit:viewNameRef>
              <spirit:viewNameRef>xilinx_verilogbehavioralsimulation</spirit:viewNameRef>
            </spirit:wireTypeDef>
          </spirit:wireTypeDefs>
        </spirit:wire>
      </spirit:port>
      <spirit:port>
        <spirit:name>s00_axi_rready</spirit:name>
        <spirit:wire>
          <spirit:direction>in</spirit:direction>
          <spirit:wireTypeDefs>
            <spirit:wireTypeDef>
              <spirit:typeName>wire</spirit:typeName>
              <spirit:viewNameRef>xilinx_verilogsynthesis</spirit:viewNameRef>
              <spirit:viewNameRef>xilinx_verilogbehavioralsimulation</spirit:viewNameRef>
            </spirit:wireTypeDef>
          </spirit:wireTypeDefs>
        </spirit:wire>
      </spirit:port>
      <spirit:port>
        <spirit:name>s00_axi_aclk</spirit:name>
        <spirit:wire>
          <spirit:direction>in</spirit:direction>
          <spirit:wireTypeDefs>
            <spirit:wireTypeDef>
              <spirit:typeName>wire</spirit:typeName>
              <spirit:viewNameRef>xilinx_verilogsynthesis</spirit:viewNameRef>
              <spirit:viewNameRef>xilinx_verilogbehavioralsimulation</spirit:viewNameRef>
            </spirit:wireTypeDef>
          </spirit:wireTypeDefs>
        </spirit:wire>
      </spirit:port>
      <spirit:port>
        <spirit:name>s00_axi_aresetn</spirit:name>
        <spirit:wire>
          <spirit:direction>in</spirit:direction>
          <spirit:wireTypeDefs>
            <spirit:wireTypeDef>
              <spirit:typeName>wire</spirit:typeName>
              <spirit:viewNameRef>xilinx_verilogsynthesis</spirit:viewNameRef>
              <spirit:viewNameRef>xilinx_verilogbehavioralsimulation</spirit:viewNameRef>
            </spirit:wireTypeDef>
          </spirit:wireTypeDefs>
        </spirit:wire>
      </spirit:port>
    </spirit:ports>
    <spirit:modelParameters>
      <spirit:modelParameter xsi:type="spirit:nameValueTypeType" spirit:dataType="integer">
        <spirit:name>C_S00_AXI_DATA_WIDTH</spirit:name>
        <spirit:displayName>C S00 AXI DATA WIDTH</spirit:displayName>
        <spirit:description>Width of S_AXI data bus</spirit:description>
        <spirit:value spirit:format="long" spirit:resolve="generated" spirit:id="MODELPARAM_VALUE.C_S00_AXI_DATA_WIDTH" spirit:order="3" spirit:rangeType="long">32</spirit:value>
      </spirit:modelParameter>
      <spirit:modelParameter spirit:dataType="integer">
        <spirit:name>C_S00_AXI_ADDR_WIDTH</spirit:name>
        <spirit:displayName>C S00 AXI ADDR WIDTH</spirit:displayName>
        <spirit:description>Width of S_AXI address bus</spirit:description>
        <spirit:value spirit:format="long" spirit:resolve="generated" spirit:id="MODELPARAM_VALUE.C_S00_AXI_ADDR_WIDTH" spirit:order="4" spirit:rangeType="long">16</spirit:value>
      </spirit:modelParameter>
      <spirit:modelParameter spirit:dataType="integer">
        <spirit:name>M</spirit:name>
        <spirit:displayName>M</spirit:displayName>
        <spirit:value spirit:format="long" spirit:resolve="generated" spirit:id="MODELPARAM_VALUE.M">11</spirit:value>
      </spirit:modelParameter>
      <spirit:modelParameter spirit:dataType="integer">
        <spirit:name>N</spirit:name>
        <spirit:displayName>N</spirit:displayName>
        <spirit:value spirit:format="long" spirit:resolve="generated" spirit:id="MODELPARAM_VALUE.N">7</spirit:value>
      </spirit:modelParameter>
      <spirit:modelParameter spirit:dataType="integer">
        <spirit:name>MEM_DEPTH</spirit:name>
        <spirit:displayName>Mem Depth</spirit:displayName>
        <spirit:value spirit:format="long" spirit:resolve="generated" spirit:id="MODELPARAM_VALUE.MEM_DEPTH">16384</spirit:value>
      </spirit:modelParameter>
    </spirit:modelParameters>
  </spirit:model>
  <spirit:choices>
    <spirit:choice>
      <spirit:name>choice_list_6fc15197</spirit:name>
      <spirit:enumeration>32</spirit:enumeration>
    </spirit:choice>
    <spirit:choice>
      <spirit:name>choice_list_9d8b0d81</spirit:name>
      <spirit:enumeration>ACTIVE_HIGH</spirit:enumeration>
      <spirit:enumeration>ACTIVE_LOW</spirit:enumeration>
    </spirit:choice>
    <spirit:choice>
      <spirit:name>choice_pairs_ce1226b1</spirit:name>
      <spirit:enumeration spirit:text="true">1</spirit:enumeration>
      <spirit:enumeration spirit:text="false">0</spirit:enumeration>
    </spirit:choice>
  </spirit:choices>
  <spirit:fileSets>
    <spirit:fileSet>
      <spirit:name>xilinx_verilogsynthesis_view_fileset</spirit:name>
      <spirit:file>
        <spirit:name>hdl/gpu_control_v1_0_S00_AXI.v</spirit:name>
        <spirit:fileType>systemVerilogSource</spirit:fileType>
      </spirit:file>
      <spirit:file>
        <spirit:name>hdl/gpu_control_v1_0.v</spirit:name>
        <spirit:fileType>systemVerilogSource</spirit:fileType>
        <spirit:userFileType>CHECKSUM_65eda4cd</spirit:userFileType>
      </spirit:file>
    </spirit:fileSet>
    <spirit:fileSet>
      <spirit:name>xilinx_verilogbehavioralsimulation_view_fileset</spirit:name>
      <spirit:file>
        <spirit:name>hdl/gpu_control_v1_0_S00_AXI.v</spirit:name>
        <spirit:fileType>systemVerilogSource</spirit:fileType>
      </spirit:file>
      <spirit:file>
        <spirit:name>hdl/gpu_control_v1_0.v</spirit:name>
        <spirit:fileType>systemVerilogSource</spirit:fileType>
      </spirit:file>
    </spirit:fileSet>
    <spirit:fileSet>
      <spirit:name>xilinx_softwaredriver_view_fileset</spirit:name>
      <spirit:file>
        <spirit:name>drivers/gpu_control_v1_0/data/gpu_control.mdd</spirit:name>
        <spirit:userFileType>mdd</spirit:userFileType>
        <spirit:userFileType>driver_mdd</spirit:userFileType>
      </spirit:file>
      <spirit:file>
        <spirit:name>drivers/gpu_control_v1_0/data/gpu_control.tcl</spirit:name>
        <spirit:fileType>tclSource</spirit:fileType>
        <spirit:userFileType>driver_tcl</spirit:userFileType>
      </spirit:file>
      <spirit:file>
        <spirit:name>drivers/gpu_control_v1_0/src/Makefile</spirit:name>
        <spirit:userFileType>driver_src</spirit:userFileType>
      </spirit:file>
      <spirit:file>
        <spirit:name>drivers/gpu_control_v1_0/src/gpu_control.h</spirit:name>
        <spirit:fileType>cSource</spirit:fileType>
        <spirit:userFileType>driver_src</spirit:userFileType>
      </spirit:file>
      <spirit:file>
        <spirit:name>drivers/gpu_control_v1_0/src/gpu_control.c</spirit:name>
        <spirit:fileType>cSource</spirit:fileType>
        <spirit:userFileType>driver_src</spirit:userFileType>
      </spirit:file>
      <spirit:file>
        <spirit:name>drivers/gpu_control_v1_0/src/gpu_control_selftest.c</spirit:name>
        <spirit:fileType>cSource</spirit:fileType>
        <spirit:userFileType>driver_src</spirit:userFileType>
      </spirit:file>
    </spirit:fileSet>
    <spirit:fileSet>
      <spirit:name>xilinx_xpgui_view_fileset</spirit:name>
      <spirit:file>
        <spirit:name>xgui/gpu_control_v1_0.tcl</spirit:name>
        <spirit:fileType>tclSource</spirit:fileType>
        <spirit:userFileType>CHECKSUM_12965427</spirit:userFileType>
        <spirit:userFileType>XGUI_VERSION_2</spirit:userFileType>
      </spirit:file>
    </spirit:fileSet>
    <spirit:fileSet>
      <spirit:name>bd_tcl_view_fileset</spirit:name>
      <spirit:file>
        <spirit:name>bd/bd.tcl</spirit:name>
        <spirit:fileType>tclSource</spirit:fileType>
      </spirit:file>
    </spirit:fileSet>
  </spirit:fileSets>
  <spirit:description>My new AXI IP</spirit:description>
  <spirit:parameters>
    <spirit:parameter>
      <spirit:name>C_S00_AXI_DATA_WIDTH</spirit:name>
      <spirit:displayName>C S00 AXI DATA WIDTH</spirit:displayName>
      <spirit:description>Width of S_AXI data bus</spirit:description>
      <spirit:value spirit:format="long" spirit:resolve="user" spirit:id="PARAM_VALUE.C_S00_AXI_DATA_WIDTH" spirit:choiceRef="choice_list_6fc15197" spirit:order="3">32</spirit:value>
      <spirit:vendorExtensions>
        <xilinx:parameterInfo>
          <xilinx:enablement>
            <xilinx:isEnabled xilinx:id="PARAM_ENABLEMENT.C_S00_AXI_DATA_WIDTH">false</xilinx:isEnabled>
          </xilinx:enablement>
        </xilinx:parameterInfo>
      </spirit:vendorExtensions>
    </spirit:parameter>
    <spirit:parameter>
      <spirit:name>C_S00_AXI_ADDR_WIDTH</spirit:name>
      <spirit:displayName>C S00 AXI ADDR WIDTH</spirit:displayName>
      <spirit:description>Width of S_AXI address bus</spirit:description>
      <spirit:value spirit:format="long" spirit:resolve="user" spirit:id="PARAM_VALUE.C_S00_AXI_ADDR_WIDTH" spirit:order="4" spirit:rangeType="long">16</spirit:value>
      <spirit:vendorExtensions>
        <xilinx:parameterInfo>
          <xilinx:enablement>
            <xilinx:isEnabled xilinx:id="PARAM_ENABLEMENT.C_S00_AXI_ADDR_WIDTH">false</xilinx:isEnabled>
          </xilinx:enablement>
        </xilinx:parameterInfo>
      </spirit:vendorExtensions>
    </spirit:parameter>
    <spirit:parameter>
      <spirit:name>C_S00_AXI_BASEADDR</spirit:name>
      <spirit:displayName>C S00 AXI BASEADDR</spirit:displayName>
      <spirit:value spirit:format="bitString" spirit:resolve="user" spirit:id="PARAM_VALUE.C_S00_AXI_BASEADDR" spirit:order="5" spirit:bitStringLength="32">0xFFFFFFFF</spirit:value>
      <spirit:vendorExtensions>
        <xilinx:parameterInfo>
          <xilinx:enablement>
            <xilinx:isEnabled xilinx:id="PARAM_ENABLEMENT.C_S00_AXI_BASEADDR">false</xilinx:isEnabled>
          </xilinx:enablement>
        </xilinx:parameterInfo>
      </spirit:vendorExtensions>
    </spirit:parameter>
    <spirit:parameter>
      <spirit:name>C_S00_AXI_HIGHADDR</spirit:name>
      <spirit:displayName>C S00 AXI HIGHADDR</spirit:displayName>
      <spirit:value spirit:format="bitString" spirit:resolve="user" spirit:id="PARAM_VALUE.C_S00_AXI_HIGHADDR" spirit:order="6" spirit:bitStringLength="32">0x00000000</spirit:value>
      <spirit:vendorExtensions>
        <xilinx:parameterInfo>
          <xilinx:enablement>
            <xilinx:isEnabled xilinx:id="PARAM_ENABLEMENT.C_S00_AXI_HIGHADDR">false</xilinx:isEnabled>
          </xilinx:enablement>
        </xilinx:parameterInfo>
      </spirit:vendorExtensions>
    </spirit:parameter>
    <spirit:parameter>
      <spirit:name>Component_Name</spirit:name>
      <spirit:value spirit:resolve="user" spirit:id="PARAM_VALUE.Component_Name" spirit:order="1">gpu_control_v1_0</spirit:value>
    </spirit:parameter>
    <spirit:parameter>
      <spirit:name>M</spirit:name>
      <spirit:displayName>M</spirit:displayName>
      <spirit:value spirit:format="long" spirit:resolve="user" spirit:id="PARAM_VALUE.M">11</spirit:value>
    </spirit:parameter>
    <spirit:parameter>
      <spirit:name>N</spirit:name>
      <spirit:displayName>N</spirit:displayName>
      <spirit:value spirit:format="long" spirit:resolve="user" spirit:id="PARAM_VALUE.N">7</spirit:value>
    </spirit:parameter>
    <spirit:parameter>
      <spirit:name>MEM_DEPTH</spirit:name>
      <spirit:displayName>Mem Depth</spirit:displayName>
      <spirit:value spirit:format="long" spirit:resolve="user" spirit:id="PARAM_VALUE.MEM_DEPTH">16384</spirit:value>
    </spirit:parameter>
  </spirit:parameters>
  <spirit:vendorExtensions>
    <xilinx:coreExtensions>
      <xilinx:supportedFamilies>
        <xilinx:family xilinx:lifeCycle="Pre-Production">zynq</xilinx:family>
      </xilinx:supportedFamilies>
      <xilinx:taxonomies>
        <xilinx:taxonomy>AXI_Peripheral</xilinx:taxonomy>
      </xilinx:taxonomies>
      <xilinx:displayName>gpu_control_v1.0</xilinx:displayName>
      <xilinx:coreRevision>5</xilinx:coreRevision>
      <xilinx:coreCreationDateTime>2021-05-16T22:07:12Z</xilinx:coreCreationDateTime>
      <xilinx:tags>
        <xilinx:tag xilinx:name="ui.data.coregen.dd@7cd2085d_ARCHIVE_LOCATION">c:/Users/nvade/OneDrive/Dokumenty/Workspace/Xilinx/ZynqSDUP/ip_repo/gpu_control_1.0</xilinx:tag>
        <xilinx:tag xilinx:name="ui.data.coregen.dd@4c144ad7_ARCHIVE_LOCATION">c:/Users/nvade/OneDrive/Dokumenty/Workspace/Xilinx/ZynqSDUP/ip_repo/gpu_control_1.0</xilinx:tag>
        <xilinx:tag xilinx:name="ui.data.coregen.dd@79a139fc_ARCHIVE_LOCATION">c:/Users/nvade/OneDrive/Dokumenty/Workspace/Xilinx/ZynqSDUP/ip_repo/gpu_control_1.0</xilinx:tag>
        <xilinx:tag xilinx:name="ui.data.coregen.dd@7f43298a_ARCHIVE_LOCATION">c:/Users/nvade/OneDrive/Dokumenty/Workspace/Xilinx/ZynqSDUP/ip_repo/gpu_control_1.0</xilinx:tag>
        <xilinx:tag xilinx:name="ui.data.coregen.dd@71966305_ARCHIVE_LOCATION">c:/Users/nvade/OneDrive/Dokumenty/Workspace/Xilinx/ZynqSDUP/ip_repo/gpu_control_1.0</xilinx:tag>
        <xilinx:tag xilinx:name="ui.data.coregen.dd@4150402c_ARCHIVE_LOCATION">c:/Users/nvade/OneDrive/Dokumenty/Workspace/Xilinx/ZynqSDUP/ip_repo/gpu_control_1.0</xilinx:tag>
        <xilinx:tag xilinx:name="ui.data.coregen.dd@32487360_ARCHIVE_LOCATION">c:/Users/nvade/OneDrive/Dokumenty/Workspace/Xilinx/ZynqSDUP/ip_repo/gpu_control_1.0</xilinx:tag>
        <xilinx:tag xilinx:name="ui.data.coregen.dd@5f642f6b_ARCHIVE_LOCATION">c:/Users/nvade/OneDrive/Dokumenty/Workspace/Xilinx/ZynqSDUP/ip_repo/gpu_control_1.0</xilinx:tag>
        <xilinx:tag xilinx:name="ui.data.coregen.dd@6ccb3fae_ARCHIVE_LOCATION">c:/Users/nvade/OneDrive/Dokumenty/Workspace/Xilinx/ZynqSDUP/ip_repo/gpu_control_1.0</xilinx:tag>
        <xilinx:tag xilinx:name="ui.data.coregen.dd@178a1e48_ARCHIVE_LOCATION">c:/Users/nvade/OneDrive/Dokumenty/Workspace/Xilinx/ZynqSDUP/ip_repo/gpu_control_1.0</xilinx:tag>
        <xilinx:tag xilinx:name="ui.data.coregen.dd@6a801251_ARCHIVE_LOCATION">c:/Users/nvade/OneDrive/Dokumenty/Workspace/Xilinx/ZynqSDUP/ip_repo/gpu_control_1.0</xilinx:tag>
        <xilinx:tag xilinx:name="ui.data.coregen.dd@28b9134b_ARCHIVE_LOCATION">c:/Users/nvade/OneDrive/Dokumenty/Workspace/Xilinx/ZynqSDUP/ip_repo/gpu_control_1.0</xilinx:tag>
        <xilinx:tag xilinx:name="ui.data.coregen.dd@64eecaee_ARCHIVE_LOCATION">c:/Users/nvade/OneDrive/Dokumenty/Workspace/Xilinx/ZynqSDUP/ip_repo/gpu_control_1.0</xilinx:tag>
        <xilinx:tag xilinx:name="ui.data.coregen.dd@5c794a78_ARCHIVE_LOCATION">c:/Users/nvade/OneDrive/Dokumenty/Workspace/Xilinx/ZynqSDUP/ip_repo/gpu_control_1.0</xilinx:tag>
        <xilinx:tag xilinx:name="ui.data.coregen.dd@59df8d3a_ARCHIVE_LOCATION">c:/Users/nvade/OneDrive/Dokumenty/Workspace/Xilinx/ZynqSDUP/ip_repo/gpu_control_1.0</xilinx:tag>
        <xilinx:tag xilinx:name="ui.data.coregen.dd@66238ee7_ARCHIVE_LOCATION">c:/Users/nvade/OneDrive/Dokumenty/Workspace/Xilinx/ZynqSDUP/ip_repo/gpu_control_1.0</xilinx:tag>
        <xilinx:tag xilinx:name="ui.data.coregen.dd@106ab49f_ARCHIVE_LOCATION">c:/Users/nvade/OneDrive/Dokumenty/Workspace/Xilinx/ZynqSDUP/ip_repo/gpu_control_1.0</xilinx:tag>
        <xilinx:tag xilinx:name="ui.data.coregen.dd@46c3e3bc_ARCHIVE_LOCATION">c:/Users/nvade/OneDrive/Dokumenty/Workspace/Xilinx/ZynqSDUP/ip_repo/gpu_control_1.0</xilinx:tag>
        <xilinx:tag xilinx:name="ui.data.coregen.dd@c492064_ARCHIVE_LOCATION">c:/Users/nvade/OneDrive/Dokumenty/Workspace/Xilinx/ZynqSDUP/ip_repo/gpu_control_1.0</xilinx:tag>
        <xilinx:tag xilinx:name="ui.data.coregen.dd@701a35d5_ARCHIVE_LOCATION">c:/Users/nvade/OneDrive/Dokumenty/Workspace/Xilinx/ZynqSDUP/ip_repo/gpu_control_1.0</xilinx:tag>
        <xilinx:tag xilinx:name="ui.data.coregen.dd@4e2cea36_ARCHIVE_LOCATION">c:/Users/nvade/OneDrive/Dokumenty/Workspace/Xilinx/ZynqSDUP/ip_repo/gpu_control_1.0</xilinx:tag>
        <xilinx:tag xilinx:name="ui.data.coregen.dd@7e31ab70_ARCHIVE_LOCATION">c:/Users/nvade/OneDrive/Dokumenty/Workspace/Xilinx/ZynqSDUP/ip_repo/gpu_control_1.0</xilinx:tag>
        <xilinx:tag xilinx:name="ui.data.coregen.dd@70444390_ARCHIVE_LOCATION">c:/Users/nvade/OneDrive/Dokumenty/Workspace/Xilinx/ZynqSDUP/ip_repo/gpu_control_1.0</xilinx:tag>
        <xilinx:tag xilinx:name="ui.data.coregen.dd@42978208_ARCHIVE_LOCATION">c:/Users/nvade/OneDrive/Dokumenty/Workspace/Xilinx/ZynqSDUP/ip_repo/gpu_control_1.0</xilinx:tag>
        <xilinx:tag xilinx:name="ui.data.coregen.dd@2d6316cb_ARCHIVE_LOCATION">c:/Users/nvade/OneDrive/Dokumenty/Workspace/Xilinx/ZynqSDUP/ip_repo/gpu_control_1.0</xilinx:tag>
        <xilinx:tag xilinx:name="ui.data.coregen.dd@689e097_ARCHIVE_LOCATION">c:/Users/nvade/OneDrive/Dokumenty/Workspace/Xilinx/ZynqSDUP/ip_repo/gpu_control_1.0</xilinx:tag>
        <xilinx:tag xilinx:name="ui.data.coregen.dd@72cf8003_ARCHIVE_LOCATION">c:/Users/nvade/OneDrive/Dokumenty/Workspace/Xilinx/ZynqSDUP/ip_repo/gpu_control_1.0</xilinx:tag>
        <xilinx:tag xilinx:name="ui.data.coregen.dd@b618c4a_ARCHIVE_LOCATION">c:/Users/nvade/OneDrive/Dokumenty/Workspace/Xilinx/ZynqSDUP/ip_repo/gpu_control_1.0</xilinx:tag>
        <xilinx:tag xilinx:name="ui.data.coregen.dd@4ec23447_ARCHIVE_LOCATION">c:/Users/nvade/OneDrive/Dokumenty/Workspace/Xilinx/ZynqSDUP/ip_repo/gpu_control_1.0</xilinx:tag>
        <xilinx:tag xilinx:name="ui.data.coregen.dd@330cc201_ARCHIVE_LOCATION">c:/Users/nvade/OneDrive/Dokumenty/Workspace/Xilinx/ZynqSDUP/ip_repo/gpu_control_1.0</xilinx:tag>
        <xilinx:tag xilinx:name="ui.data.coregen.dd@41c5ce51_ARCHIVE_LOCATION">c:/Users/nvade/OneDrive/Dokumenty/Workspace/Xilinx/ZynqSDUP/ip_repo/gpu_control_1.0</xilinx:tag>
        <xilinx:tag xilinx:name="ui.data.coregen.dd@53a40835_ARCHIVE_LOCATION">c:/Users/nvade/OneDrive/Dokumenty/Workspace/Xilinx/ZynqSDUP/ip_repo/gpu_control_1.0</xilinx:tag>
        <xilinx:tag xilinx:name="ui.data.coregen.dd@113ca931_ARCHIVE_LOCATION">c:/Users/nvade/OneDrive/Dokumenty/Workspace/Xilinx/ZynqSDUP/ip_repo/gpu_control_1.0</xilinx:tag>
        <xilinx:tag xilinx:name="ui.data.coregen.dd@538ce4ea_ARCHIVE_LOCATION">c:/Users/nvade/OneDrive/Dokumenty/Workspace/Xilinx/ZynqSDUP/ip_repo/gpu_control_1.0</xilinx:tag>
        <xilinx:tag xilinx:name="ui.data.coregen.dd@6b2656a1_ARCHIVE_LOCATION">c:/Users/nvade/OneDrive/Dokumenty/Workspace/Xilinx/ZynqSDUP/ip_repo/gpu_control_1.0</xilinx:tag>
        <xilinx:tag xilinx:name="ui.data.coregen.dd@c126961_ARCHIVE_LOCATION">c:/Users/nvade/OneDrive/Dokumenty/Workspace/Xilinx/ZynqSDUP/ip_repo/gpu_control_1.0</xilinx:tag>
        <xilinx:tag xilinx:name="ui.data.coregen.dd@4d44a0c3_ARCHIVE_LOCATION">c:/Users/nvade/OneDrive/Dokumenty/Workspace/Xilinx/ZynqSDUP/ip_repo/gpu_control_1.0</xilinx:tag>
        <xilinx:tag xilinx:name="ui.data.coregen.dd@1684a6fb_ARCHIVE_LOCATION">c:/Users/nvade/OneDrive/Dokumenty/Workspace/Xilinx/ZynqSDUP/ip_repo/gpu_control_1.0</xilinx:tag>
        <xilinx:tag xilinx:name="ui.data.coregen.dd@1abee34c_ARCHIVE_LOCATION">c:/Users/nvade/OneDrive/Dokumenty/Workspace/Xilinx/ZynqSDUP/ip_repo/gpu_control_1.0</xilinx:tag>
        <xilinx:tag xilinx:name="ui.data.coregen.dd@56e6c1c8_ARCHIVE_LOCATION">c:/Users/nvade/OneDrive/Dokumenty/Workspace/Xilinx/ZynqSDUP/ip_repo/gpu_control_1.0</xilinx:tag>
        <xilinx:tag xilinx:name="ui.data.coregen.dd@684cd6b5_ARCHIVE_LOCATION">c:/Users/nvade/OneDrive/Dokumenty/Workspace/Xilinx/ZynqSDUP/ip_repo/gpu_control_1.0</xilinx:tag>
        <xilinx:tag xilinx:name="ui.data.coregen.dd@66a22baf_ARCHIVE_LOCATION">c:/Users/nvade/OneDrive/Dokumenty/Workspace/Xilinx/ZynqSDUP/ip_repo/gpu_control_1.0</xilinx:tag>
        <xilinx:tag xilinx:name="ui.data.coregen.dd@dc705c7_ARCHIVE_LOCATION">c:/Users/nvade/OneDrive/Dokumenty/Workspace/Xilinx/ZynqSDUP/ip_repo/gpu_control_1.0</xilinx:tag>
        <xilinx:tag xilinx:name="ui.data.coregen.dd@3fd89ff_ARCHIVE_LOCATION">c:/Users/nvade/OneDrive/Dokumenty/Workspace/Xilinx/ZynqSDUP/ip_repo/gpu_control_1.0</xilinx:tag>
        <xilinx:tag xilinx:name="ui.data.coregen.dd@30ca8f56_ARCHIVE_LOCATION">c:/Users/nvade/OneDrive/Dokumenty/Workspace/Xilinx/ZynqSDUP/ip_repo/gpu_control_1.0</xilinx:tag>
        <xilinx:tag xilinx:name="ui.data.coregen.dd@46fed47_ARCHIVE_LOCATION">c:/Users/nvade/OneDrive/Dokumenty/Workspace/Xilinx/ZynqSDUP/ip_repo/gpu_control_1.0</xilinx:tag>
        <xilinx:tag xilinx:name="ui.data.coregen.dd@78029571_ARCHIVE_LOCATION">c:/Users/nvade/OneDrive/Dokumenty/Workspace/Xilinx/ZynqSDUP/ip_repo/gpu_control_1.0</xilinx:tag>
        <xilinx:tag xilinx:name="ui.data.coregen.dd@2b92752_ARCHIVE_LOCATION">c:/Users/nvade/OneDrive/Dokumenty/Workspace/Xilinx/ZynqSDUP/ip_repo/gpu_control_1.0</xilinx:tag>
        <xilinx:tag xilinx:name="ui.data.coregen.dd@78ccbdd0_ARCHIVE_LOCATION">c:/Users/nvade/OneDrive/Dokumenty/Workspace/Xilinx/ZynqSDUP/ip_repo/gpu_control_1.0</xilinx:tag>
        <xilinx:tag xilinx:name="ui.data.coregen.dd@96c28cb_ARCHIVE_LOCATION">c:/Users/nvade/OneDrive/Dokumenty/Workspace/Xilinx/ZynqSDUP/ip_repo/gpu_control_1.0</xilinx:tag>
        <xilinx:tag xilinx:name="ui.data.coregen.dd@5dbfee4_ARCHIVE_LOCATION">c:/Users/nvade/OneDrive/Dokumenty/Workspace/Xilinx/ZynqSDUP/ip_repo/gpu_control_1.0</xilinx:tag>
        <xilinx:tag xilinx:name="ui.data.coregen.dd@bc5cfe3_ARCHIVE_LOCATION">c:/Users/nvade/OneDrive/Dokumenty/Workspace/Xilinx/ZynqSDUP/ip_repo/gpu_control_1.0</xilinx:tag>
        <xilinx:tag xilinx:name="ui.data.coregen.dd@f365c45_ARCHIVE_LOCATION">c:/Users/nvade/OneDrive/Dokumenty/Workspace/Xilinx/ZynqSDUP/ip_repo/gpu_control_1.0</xilinx:tag>
        <xilinx:tag xilinx:name="ui.data.coregen.dd@478456a5_ARCHIVE_LOCATION">c:/Users/nvade/OneDrive/Dokumenty/Workspace/Xilinx/ZynqSDUP/ip_repo/gpu_control_1.0</xilinx:tag>
        <xilinx:tag xilinx:name="ui.data.coregen.dd@649b62dd_ARCHIVE_LOCATION">c:/Users/nvade/OneDrive/Dokumenty/Workspace/Xilinx/ZynqSDUP/ip_repo/gpu_control_1.0</xilinx:tag>
        <xilinx:tag xilinx:name="ui.data.coregen.dd@7be8889f_ARCHIVE_LOCATION">c:/Users/nvade/OneDrive/Dokumenty/Workspace/Xilinx/ZynqSDUP/ip_repo/gpu_control_1.0</xilinx:tag>
        <xilinx:tag xilinx:name="ui.data.coregen.dd@2f684000_ARCHIVE_LOCATION">c:/Users/nvade/OneDrive/Dokumenty/Workspace/Xilinx/ZynqSDUP/ip_repo/gpu_control_1.0</xilinx:tag>
        <xilinx:tag xilinx:name="ui.data.coregen.dd@1bf11132_ARCHIVE_LOCATION">c:/Users/nvade/OneDrive/Dokumenty/Workspace/Xilinx/ZynqSDUP/ip_repo/gpu_control_1.0</xilinx:tag>
        <xilinx:tag xilinx:name="ui.data.coregen.dd@199c1f06_ARCHIVE_LOCATION">c:/Users/nvade/OneDrive/Dokumenty/Workspace/Xilinx/ZynqSDUP/ip_repo/gpu_control_1.0</xilinx:tag>
        <xilinx:tag xilinx:name="ui.data.coregen.dd@7e77b0c9_ARCHIVE_LOCATION">c:/Users/nvade/OneDrive/Dokumenty/Workspace/Xilinx/ZynqSDUP/ip_repo/gpu_control_1.0</xilinx:tag>
        <xilinx:tag xilinx:name="ui.data.coregen.dd@259e23d0_ARCHIVE_LOCATION">c:/Users/nvade/OneDrive/Dokumenty/Workspace/Xilinx/ZynqSDUP/ip_repo/gpu_control_1.0</xilinx:tag>
        <xilinx:tag xilinx:name="ui.data.coregen.dd@214e44fa_ARCHIVE_LOCATION">c:/Users/nvade/OneDrive/Dokumenty/Workspace/Xilinx/ZynqSDUP/ip_repo/gpu_control_1.0</xilinx:tag>
        <xilinx:tag xilinx:name="ui.data.coregen.dd@5c3a19cb_ARCHIVE_LOCATION">c:/Users/nvade/OneDrive/Dokumenty/Workspace/Xilinx/ZynqSDUP/ip_repo/gpu_control_1.0</xilinx:tag>
        <xilinx:tag xilinx:name="ui.data.coregen.dd@6210813d_ARCHIVE_LOCATION">c:/Users/nvade/OneDrive/Dokumenty/Workspace/Xilinx/ZynqSDUP/ip_repo/gpu_control_1.0</xilinx:tag>
        <xilinx:tag xilinx:name="ui.data.coregen.dd@4b54c9f_ARCHIVE_LOCATION">c:/Users/nvade/OneDrive/Dokumenty/Workspace/Xilinx/ZynqSDUP/ip_repo/gpu_control_1.0</xilinx:tag>
        <xilinx:tag xilinx:name="ui.data.coregen.dd@73ba552a_ARCHIVE_LOCATION">c:/Users/nvade/OneDrive/Dokumenty/Workspace/Xilinx/ZynqSDUP/ip_repo/gpu_control_1.0</xilinx:tag>
        <xilinx:tag xilinx:name="ui.data.coregen.dd@5e35215a_ARCHIVE_LOCATION">c:/Users/nvade/OneDrive/Dokumenty/Workspace/Xilinx/ZynqSDUP/ip_repo/gpu_control_1.0</xilinx:tag>
        <xilinx:tag xilinx:name="ui.data.coregen.dd@544eb3de_ARCHIVE_LOCATION">c:/Users/nvade/OneDrive/Dokumenty/Workspace/Xilinx/ZynqSDUP/ip_repo/gpu_control_1.0</xilinx:tag>
        <xilinx:tag xilinx:name="ui.data.coregen.dd@1d4eaf41_ARCHIVE_LOCATION">c:/Users/nvade/OneDrive/Dokumenty/Workspace/Xilinx/ZynqSDUP/ip_repo/gpu_control_1.0</xilinx:tag>
        <xilinx:tag xilinx:name="ui.data.coregen.dd@2ce7810b_ARCHIVE_LOCATION">c:/Users/nvade/OneDrive/Dokumenty/Workspace/Xilinx/ZynqSDUP/ip_repo/gpu_control_1.0</xilinx:tag>
        <xilinx:tag xilinx:name="ui.data.coregen.dd@ef7f9ce_ARCHIVE_LOCATION">c:/Users/nvade/OneDrive/Dokumenty/Workspace/Xilinx/ZynqSDUP/ip_repo/gpu_control_1.0</xilinx:tag>
        <xilinx:tag xilinx:name="ui.data.coregen.dd@2ba41097_ARCHIVE_LOCATION">c:/Users/nvade/OneDrive/Dokumenty/Workspace/Xilinx/ZynqSDUP/ip_repo/gpu_control_1.0</xilinx:tag>
        <xilinx:tag xilinx:name="ui.data.coregen.dd@71d777ce_ARCHIVE_LOCATION">c:/Users/nvade/OneDrive/Dokumenty/Workspace/Xilinx/ZynqSDUP/ip_repo/gpu_control_1.0</xilinx:tag>
        <xilinx:tag xilinx:name="ui.data.coregen.dd@4951b004_ARCHIVE_LOCATION">c:/Users/nvade/OneDrive/Dokumenty/Workspace/Xilinx/ZynqSDUP/ip_repo/gpu_control_1.0</xilinx:tag>
        <xilinx:tag xilinx:name="ui.data.coregen.dd@b7acb1e_ARCHIVE_LOCATION">c:/Users/nvade/OneDrive/Dokumenty/Workspace/Xilinx/ZynqSDUP/ip_repo/gpu_control_1.0</xilinx:tag>
        <xilinx:tag xilinx:name="ui.data.coregen.dd@56c49c6f_ARCHIVE_LOCATION">c:/Users/nvade/OneDrive/Dokumenty/Workspace/Xilinx/ZynqSDUP/ip_repo/gpu_control_1.0</xilinx:tag>
        <xilinx:tag xilinx:name="ui.data.coregen.dd@1a7e2e4e_ARCHIVE_LOCATION">c:/Users/nvade/OneDrive/Dokumenty/Workspace/Xilinx/ZynqSDUP/ip_repo/gpu_control_1.0</xilinx:tag>
        <xilinx:tag xilinx:name="ui.data.coregen.dd@697283dc_ARCHIVE_LOCATION">c:/Users/nvade/OneDrive/Dokumenty/Workspace/Xilinx/ZynqSDUP/ip_repo/gpu_control_1.0</xilinx:tag>
        <xilinx:tag xilinx:name="ui.data.coregen.dd@31cc8ecb_ARCHIVE_LOCATION">c:/Users/nvade/OneDrive/Dokumenty/Workspace/Xilinx/ZynqSDUP/ip_repo/gpu_control_1.0</xilinx:tag>
        <xilinx:tag xilinx:name="ui.data.coregen.dd@68510ea7_ARCHIVE_LOCATION">c:/Users/nvade/OneDrive/Dokumenty/Workspace/Xilinx/ZynqSDUP/ip_repo/gpu_control_1.0</xilinx:tag>
        <xilinx:tag xilinx:name="ui.data.coregen.dd@7d8d183b_ARCHIVE_LOCATION">c:/Users/nvade/OneDrive/Dokumenty/Workspace/Xilinx/ZynqSDUP/ip_repo/gpu_control_1.0</xilinx:tag>
        <xilinx:tag xilinx:name="ui.data.coregen.dd@adc3e08_ARCHIVE_LOCATION">c:/Users/nvade/OneDrive/Dokumenty/Workspace/Xilinx/ZynqSDUP/ip_repo/gpu_control_1.0</xilinx:tag>
        <xilinx:tag xilinx:name="ui.data.coregen.dd@69fad70_ARCHIVE_LOCATION">c:/Users/nvade/OneDrive/Dokumenty/Workspace/Xilinx/ZynqSDUP/ip_repo/gpu_control_1.0</xilinx:tag>
        <xilinx:tag xilinx:name="ui.data.coregen.dd@295deeab_ARCHIVE_LOCATION">c:/Users/nvade/OneDrive/Dokumenty/Workspace/Xilinx/ZynqSDUP/ip_repo/gpu_control_1.0</xilinx:tag>
        <xilinx:tag xilinx:name="ui.data.coregen.dd@35f3015d_ARCHIVE_LOCATION">c:/Users/nvade/OneDrive/Dokumenty/Workspace/Xilinx/ZynqSDUP/ip_repo/gpu_control_1.0</xilinx:tag>
        <xilinx:tag xilinx:name="ui.data.coregen.dd@3790e9b_ARCHIVE_LOCATION">c:/Users/nvade/OneDrive/Dokumenty/Workspace/Xilinx/ZynqSDUP/ip_repo/gpu_control_1.0</xilinx:tag>
        <xilinx:tag xilinx:name="ui.data.coregen.dd@ea119e3_ARCHIVE_LOCATION">c:/Users/nvade/OneDrive/Dokumenty/Workspace/Xilinx/ZynqSDUP/ip_repo/gpu_control_1.0</xilinx:tag>
        <xilinx:tag xilinx:name="ui.data.coregen.dd@421cc0ed_ARCHIVE_LOCATION">c:/Users/nvade/OneDrive/Dokumenty/Workspace/Xilinx/ZynqSDUP/ip_repo/gpu_control_1.0</xilinx:tag>
        <xilinx:tag xilinx:name="ui.data.coregen.dd@18105974_ARCHIVE_LOCATION">c:/Users/nvade/OneDrive/Dokumenty/Workspace/Xilinx/ZynqSDUP/ip_repo/gpu_control_1.0</xilinx:tag>
        <xilinx:tag xilinx:name="ui.data.coregen.dd@1a5d5463_ARCHIVE_LOCATION">c:/Users/nvade/OneDrive/Dokumenty/Workspace/Xilinx/ZynqSDUP/ip_repo/gpu_control_1.0</xilinx:tag>
        <xilinx:tag xilinx:name="ui.data.coregen.dd@7a5ce2cc_ARCHIVE_LOCATION">c:/Users/nvade/OneDrive/Dokumenty/Workspace/Xilinx/ZynqSDUP/ip_repo/gpu_control_1.0</xilinx:tag>
        <xilinx:tag xilinx:name="ui.data.coregen.dd@451e1b0b_ARCHIVE_LOCATION">c:/Users/nvade/OneDrive/Dokumenty/Workspace/Xilinx/ZynqSDUP/ip_repo/gpu_control_1.0</xilinx:tag>
        <xilinx:tag xilinx:name="ui.data.coregen.dd@7ef5b139_ARCHIVE_LOCATION">c:/Users/nvade/OneDrive/Dokumenty/Workspace/Xilinx/ZynqSDUP/ip_repo/gpu_control_1.0</xilinx:tag>
        <xilinx:tag xilinx:name="ui.data.coregen.dd@4b2e9320_ARCHIVE_LOCATION">c:/Users/nvade/OneDrive/Dokumenty/Workspace/Xilinx/ZynqSDUP/ip_repo/gpu_control_1.0</xilinx:tag>
        <xilinx:tag xilinx:name="ui.data.coregen.dd@2804951e_ARCHIVE_LOCATION">c:/Users/nvade/OneDrive/Dokumenty/Workspace/Xilinx/ZynqSDUP/ip_repo/gpu_control_1.0</xilinx:tag>
        <xilinx:tag xilinx:name="ui.data.coregen.dd@34a1c3a2_ARCHIVE_LOCATION">c:/Users/nvade/OneDrive/Dokumenty/Workspace/Xilinx/ZynqSDUP/ip_repo/gpu_control_1.0</xilinx:tag>
        <xilinx:tag xilinx:name="ui.data.coregen.dd@65726d17_ARCHIVE_LOCATION">c:/Users/nvade/OneDrive/Dokumenty/Workspace/Xilinx/ZynqSDUP/ip_repo/gpu_control_1.0</xilinx:tag>
        <xilinx:tag xilinx:name="ui.data.coregen.dd@71c19c36_ARCHIVE_LOCATION">c:/Users/nvade/OneDrive/Dokumenty/Workspace/Xilinx/ZynqSDUP/ip_repo/gpu_control_1.0</xilinx:tag>
        <xilinx:tag xilinx:name="ui.data.coregen.dd@42de5e69_ARCHIVE_LOCATION">c:/Users/nvade/OneDrive/Dokumenty/Workspace/Xilinx/ZynqSDUP/ip_repo/gpu_control_1.0</xilinx:tag>
        <xilinx:tag xilinx:name="ui.data.coregen.dd@7dce6939_ARCHIVE_LOCATION">c:/Users/nvade/OneDrive/Dokumenty/Workspace/Xilinx/ZynqSDUP/ip_repo/gpu_control_1.0</xilinx:tag>
        <xilinx:tag xilinx:name="ui.data.coregen.dd@3f633020_ARCHIVE_LOCATION">c:/Users/nvade/OneDrive/Dokumenty/Workspace/Xilinx/ZynqSDUP/ip_repo/gpu_control_1.0</xilinx:tag>
        <xilinx:tag xilinx:name="ui.data.coregen.dd@575f6663_ARCHIVE_LOCATION">c:/Users/nvade/OneDrive/Dokumenty/Workspace/Xilinx/ZynqSDUP/ip_repo/gpu_control_1.0</xilinx:tag>
        <xilinx:tag xilinx:name="ui.data.coregen.dd@71b1d3e_ARCHIVE_LOCATION">c:/Users/nvade/OneDrive/Dokumenty/Workspace/Xilinx/ZynqSDUP/ip_repo/gpu_control_1.0</xilinx:tag>
        <xilinx:tag xilinx:name="ui.data.coregen.dd@65791844_ARCHIVE_LOCATION">c:/Users/nvade/OneDrive/Dokumenty/Workspace/Xilinx/ZynqSDUP/ip_repo/gpu_control_1.0</xilinx:tag>
        <xilinx:tag xilinx:name="ui.data.coregen.dd@7482922d_ARCHIVE_LOCATION">c:/Users/nvade/OneDrive/Dokumenty/Workspace/Xilinx/ZynqSDUP/ip_repo/gpu_control_1.0</xilinx:tag>
        <xilinx:tag xilinx:name="ui.data.coregen.dd@7bffb017_ARCHIVE_LOCATION">c:/Users/nvade/OneDrive/Dokumenty/Workspace/Xilinx/ZynqSDUP/ip_repo/gpu_control_1.0</xilinx:tag>
        <xilinx:tag xilinx:name="ui.data.coregen.dd@1a0ea5c9_ARCHIVE_LOCATION">c:/Users/nvade/OneDrive/Dokumenty/Workspace/Xilinx/ZynqSDUP/ip_repo/gpu_control_1.0</xilinx:tag>
        <xilinx:tag xilinx:name="ui.data.coregen.dd@53462262_ARCHIVE_LOCATION">c:/Users/nvade/OneDrive/Dokumenty/Workspace/Xilinx/ZynqSDUP/ip_repo/gpu_control_1.0</xilinx:tag>
        <xilinx:tag xilinx:name="ui.data.coregen.dd@7d5acb_ARCHIVE_LOCATION">c:/Users/nvade/OneDrive/Dokumenty/Workspace/Xilinx/ZynqSDUP/ip_repo/gpu_control_1.0</xilinx:tag>
        <xilinx:tag xilinx:name="ui.data.coregen.dd@1dbc6260_ARCHIVE_LOCATION">c:/Users/nvade/OneDrive/Dokumenty/Workspace/Xilinx/ZynqSDUP/ip_repo/gpu_control_1.0</xilinx:tag>
        <xilinx:tag xilinx:name="ui.data.coregen.dd@7e16ddd0_ARCHIVE_LOCATION">c:/Users/nvade/OneDrive/Dokumenty/Workspace/Xilinx/ZynqSDUP/ip_repo/gpu_control_1.0</xilinx:tag>
        <xilinx:tag xilinx:name="ui.data.coregen.dd@58c0fe96_ARCHIVE_LOCATION">c:/Users/nvade/OneDrive/Dokumenty/Workspace/Xilinx/ZynqSDUP/ip_repo/gpu_control_1.0</xilinx:tag>
        <xilinx:tag xilinx:name="ui.data.coregen.dd@789916a_ARCHIVE_LOCATION">c:/Users/nvade/OneDrive/Dokumenty/Workspace/Xilinx/ZynqSDUP/ip_repo/gpu_control_1.0</xilinx:tag>
        <xilinx:tag xilinx:name="ui.data.coregen.dd@299f4e4e_ARCHIVE_LOCATION">c:/Users/nvade/OneDrive/Dokumenty/Workspace/Xilinx/ZynqSDUP/ip_repo/gpu_control_1.0</xilinx:tag>
        <xilinx:tag xilinx:name="ui.data.coregen.dd@22fc6647_ARCHIVE_LOCATION">c:/Users/nvade/OneDrive/Dokumenty/Workspace/Xilinx/ZynqSDUP/ip_repo/gpu_control_1.0</xilinx:tag>
        <xilinx:tag xilinx:name="ui.data.coregen.dd@29fd351c_ARCHIVE_LOCATION">c:/Users/nvade/OneDrive/Dokumenty/Workspace/Xilinx/ZynqSDUP/ip_repo/gpu_control_1.0</xilinx:tag>
        <xilinx:tag xilinx:name="ui.data.coregen.dd@3f528ebb_ARCHIVE_LOCATION">c:/Users/nvade/OneDrive/Dokumenty/Workspace/Xilinx/ZynqSDUP/ip_repo/gpu_control_1.0</xilinx:tag>
        <xilinx:tag xilinx:name="ui.data.coregen.dd@4b90e400_ARCHIVE_LOCATION">c:/Users/nvade/OneDrive/Dokumenty/Workspace/Xilinx/ZynqSDUP/ip_repo/gpu_control_1.0</xilinx:tag>
        <xilinx:tag xilinx:name="ui.data.coregen.dd@4b59aaf5_ARCHIVE_LOCATION">c:/Users/nvade/OneDrive/Dokumenty/Workspace/Xilinx/ZynqSDUP/ip_repo/gpu_control_1.0</xilinx:tag>
        <xilinx:tag xilinx:name="ui.data.coregen.dd@4f57c8ce_ARCHIVE_LOCATION">c:/Users/nvade/OneDrive/Dokumenty/Workspace/Xilinx/ZynqSDUP/ip_repo/gpu_control_1.0</xilinx:tag>
        <xilinx:tag xilinx:name="ui.data.coregen.dd@38a06d4d_ARCHIVE_LOCATION">c:/Users/nvade/OneDrive/Dokumenty/Workspace/Xilinx/ZynqSDUP/ip_repo/gpu_control_1.0</xilinx:tag>
        <xilinx:tag xilinx:name="ui.data.coregen.dd@2d4fd3d_ARCHIVE_LOCATION">c:/Users/nvade/OneDrive/Dokumenty/Workspace/Xilinx/ZynqSDUP/ip_repo/gpu_control_1.0</xilinx:tag>
        <xilinx:tag xilinx:name="ui.data.coregen.dd@2be1c186_ARCHIVE_LOCATION">c:/Users/nvade/OneDrive/Dokumenty/Workspace/Xilinx/ZynqSDUP/ip_repo/gpu_control_1.0</xilinx:tag>
        <xilinx:tag xilinx:name="ui.data.coregen.dd@140b5aaa_ARCHIVE_LOCATION">c:/Users/nvade/OneDrive/Dokumenty/Workspace/Xilinx/ZynqSDUP/ip_repo/gpu_control_1.0</xilinx:tag>
        <xilinx:tag xilinx:name="ui.data.coregen.dd@3285a595_ARCHIVE_LOCATION">c:/Users/nvade/OneDrive/Dokumenty/Workspace/Xilinx/ZynqSDUP/ip_repo/gpu_control_1.0</xilinx:tag>
      </xilinx:tags>
    </xilinx:coreExtensions>
    <xilinx:packagingInfo>
      <xilinx:xilinxVersion>2018.3</xilinx:xilinxVersion>
      <xilinx:checksum xilinx:scope="busInterfaces" xilinx:value="547596fe"/>
      <xilinx:checksum xilinx:scope="memoryMaps" xilinx:value="ed1368d5"/>
      <xilinx:checksum xilinx:scope="fileGroups" xilinx:value="cb1780d4"/>
      <xilinx:checksum xilinx:scope="ports" xilinx:value="31468409"/>
      <xilinx:checksum xilinx:scope="hdlParameters" xilinx:value="3902a6c2"/>
      <xilinx:checksum xilinx:scope="parameters" xilinx:value="4a1951b4"/>
    </xilinx:packagingInfo>
  </spirit:vendorExtensions>
</spirit:component>
